_id,id,character,createdAt
ObjectId("5d0289993f4a2e0d79e68d98"),1,7,2019-06-13 19:36:25
ObjectId("5d02899a3f4a2e0d79e68d99"),2,1,2019-06-13 19:36:26
ObjectId("5d02899a3f4a2e0d79e68d9a"),3,1,2019-06-13 19:36:26
ObjectId("5d02899a3f4a2e0d79e68d9b"),4,1,2019-06-13 19:36:26
ObjectId("5d02899b3f4a2e0d79e68d9c"),5,8,2019-06-13 19:36:27
ObjectId("5d02899c3f4a2e0d79e68d9d"),6,8,2019-06-13 19:36:28
ObjectId("5d02899c3f4a2e0d79e68d9e"),7,8,2019-06-13 19:36:28
ObjectId("5d02899c3f4a2e0d79e68d9f"),8,2,2019-06-13 19:36:28
ObjectId("5d02899d3f4a2e0d79e68da0"),9,2,2019-06-13 19:36:29
ObjectId("5d02899d3f4a2e0d79e68da1"),10,9,2019-06-13 19:36:29
ObjectId("5d02899e3f4a2e0d79e68da2"),11,9,2019-06-13 19:36:30
ObjectId("5d02899e3f4a2e0d79e68da3"),12,3,2019-06-13 19:36:30
ObjectId("5d02899e3f4a2e0d79e68da4"),13,3,2019-06-13 19:36:30
ObjectId("5d02899f3f4a2e0d79e68da5"),14,4,2019-06-13 19:36:31
ObjectId("5d0289a03f4a2e0d79e68da6"),15,4,2019-06-13 19:36:32
ObjectId("5d0289a13f4a2e0d79e68da7"),16,5,2019-06-13 19:36:33
ObjectId("5d0289a23f4a2e0d79e68da8"),17,6,2019-06-13 19:36:34
ObjectId("5d0289a23f4a2e0d79e68da9"),18,6,2019-06-13 19:36:34
ObjectId("5d0289a83f4a2e0d79e68daa"),19,4,2019-06-13 19:36:40
ObjectId("5d0289a93f4a2e0d79e68dab"),20,9,2019-06-13 19:36:41
ObjectId("5d0289aa3f4a2e0d79e68dac"),21,3,2019-06-13 19:36:42
ObjectId("5d0289ab3f4a2e0d79e68dad"),22,2,2019-06-13 19:36:43
ObjectId("5d0289ac3f4a2e0d79e68dae"),23,1,2019-06-13 19:36:44
ObjectId("5d0289b03f4a2e0d79e68daf"),24,8,2019-06-13 19:36:48
ObjectId("5d0289b23f4a2e0d79e68db0"),25,2,2019-06-13 19:36:50
ObjectId("5d0289b23f4a2e0d79e68db1"),26,1,2019-06-13 19:36:50
ObjectId("5d0289b33f4a2e0d79e68db2"),27,7,2019-06-13 19:36:51
ObjectId("5d0289b43f4a2e0d79e68db3"),28,7,2019-06-13 19:36:52
ObjectId("5d0289b43f4a2e0d79e68db4"),29,7,2019-06-13 19:36:52
ObjectId("5d0289b53f4a2e0d79e68db5"),30,7,2019-06-13 19:36:53
ObjectId("5d0289b53f4a2e0d79e68db6"),31,7,2019-06-13 19:36:53
ObjectId("5d0289b63f4a2e0d79e68db7"),32,7,2019-06-13 19:36:54
ObjectId("5d0289b73f4a2e0d79e68db8"),33,7,2019-06-13 19:36:55
ObjectId("5d0289b73f4a2e0d79e68db9"),34,7,2019-06-13 19:36:55
ObjectId("5d0289b73f4a2e0d79e68dba"),35,7,2019-06-13 19:36:55
ObjectId("5d0289b83f4a2e0d79e68dbb"),36,7,2019-06-13 19:36:56
ObjectId("5d0289b93f4a2e0d79e68dbc"),37,7,2019-06-13 19:36:57
ObjectId("5d0289ba3f4a2e0d79e68dbd"),38,1,2019-06-13 19:36:58
ObjectId("5d0289bb3f4a2e0d79e68dbe"),39,1,2019-06-13 19:36:59
ObjectId("5d0289bb3f4a2e0d79e68dbf"),40,1,2019-06-13 19:36:59
ObjectId("5d0289bb3f4a2e0d79e68dc0"),41,1,2019-06-13 19:36:59
ObjectId("5d0289bc3f4a2e0d79e68dc1"),42,1,2019-06-13 19:37:00
ObjectId("5d0289bc3f4a2e0d79e68dc2"),43,1,2019-06-13 19:37:00
ObjectId("5d0289be3f4a2e0d79e68dc3"),44,6,2019-06-13 19:37:02
ObjectId("5d0289bf3f4a2e0d79e68dc4"),45,5,2019-06-13 19:37:03
ObjectId("5d028cc85e7a600d9af6b4c2"),46,8,2019-06-13 19:50:00
ObjectId("5d028cca5e7a600d9af6b4c3"),47,1,2019-06-13 19:50:02
ObjectId("5d028ccb5e7a600d9af6b4c4"),48,1,2019-06-13 19:50:03
ObjectId("5d028ccd5e7a600d9af6b4c5"),49,2,2019-06-13 19:50:05
ObjectId("5d028cce5e7a600d9af6b4c6"),50,3,2019-06-13 19:50:06
ObjectId("5d028ccf5e7a600d9af6b4c7"),51,4,2019-06-13 19:50:07
ObjectId("5d028cf65e7a600d9af6b4c8"),52,8,2019-06-13 19:50:46
ObjectId("5d028d0f5e7a600d9af6b4c9"),53,7,2019-06-13 19:51:11
ObjectId("5d028d115e7a600d9af6b4ca"),54,3,2019-06-13 19:51:13
ObjectId("5d028d125e7a600d9af6b4cb"),55,5,2019-06-13 19:51:14
ObjectId("5d028d135e7a600d9af6b4cc"),56,5,2019-06-13 19:51:15
ObjectId("5d028d135e7a600d9af6b4cd"),57,5,2019-06-13 19:51:15
ObjectId("5d028d145e7a600d9af6b4ce"),58,5,2019-06-13 19:51:16
ObjectId("5d028d145e7a600d9af6b4cf"),59,5,2019-06-13 19:51:16
ObjectId("5d028d155e7a600d9af6b4d0"),60,5,2019-06-13 19:51:17
ObjectId("5d028d155e7a600d9af6b4d1"),61,5,2019-06-13 19:51:17
ObjectId("5d028d165e7a600d9af6b4d2"),62,5,2019-06-13 19:51:18
ObjectId("5d028d1a5e7a600d9af6b4d3"),63,9,2019-06-13 19:51:22
ObjectId("5d028d1b5e7a600d9af6b4d4"),64,9,2019-06-13 19:51:23
ObjectId("5d028d1c5e7a600d9af6b4d5"),65,9,2019-06-13 19:51:24
ObjectId("5d028f7ea07ca5001753be91"),66,7,2019-06-13 18:01:34
ObjectId("5d028f80a07ca5001753be92"),67,7,2019-06-13 18:01:36
ObjectId("5d028faca07ca5001753be93"),68,1,2019-06-13 18:02:20
ObjectId("5d028fb0a07ca5001753be94"),69,1,2019-06-13 18:02:24
ObjectId("5d028fb1a07ca5001753be95"),70,1,2019-06-13 18:02:25
ObjectId("5d028fb3a07ca5001753be96"),71,1,2019-06-13 18:02:27
ObjectId("5d028fb4a07ca5001753be97"),72,1,2019-06-13 18:02:28
ObjectId("5d028fb5a07ca5001753be98"),73,1,2019-06-13 18:02:29
ObjectId("5d028fb6a07ca5001753be99"),74,1,2019-06-13 18:02:30
ObjectId("5d028fbca07ca5001753be9a"),75,7,2019-06-13 18:02:36
ObjectId("5d028fbda07ca5001753be9b"),76,7,2019-06-13 18:02:37
ObjectId("5d028fbea07ca5001753be9c"),77,7,2019-06-13 18:02:38
ObjectId("5d028fc0a07ca5001753be9d"),78,7,2019-06-13 18:02:40
ObjectId("5d028fc7a07ca5001753be9e"),79,9,2019-06-13 18:02:47
ObjectId("5d028fc8a07ca5001753be9f"),80,9,2019-06-13 18:02:48
ObjectId("5d028fc9a07ca5001753bea0"),81,9,2019-06-13 18:02:49
ObjectId("5d028fcaa07ca5001753bea1"),82,9,2019-06-13 18:02:50
ObjectId("5d0294d6a07ca5001753bea2"),83,1,2019-06-13 18:24:22
ObjectId("5d0294d8a07ca5001753bea3"),84,1,2019-06-13 18:24:24
ObjectId("5d0294d9a07ca5001753bea4"),85,2,2019-06-13 18:24:25
ObjectId("5d0294dca07ca5001753bea5"),86,2,2019-06-13 18:24:28
ObjectId("5d0294dda07ca5001753bea6"),87,2,2019-06-13 18:24:29
ObjectId("5d0294dea07ca5001753bea7"),88,2,2019-06-13 18:24:30
ObjectId("5d0294e0a07ca5001753bea8"),89,5,2019-06-13 18:24:32
ObjectId("5d0294e1a07ca5001753bea9"),90,6,2019-06-13 18:24:33
ObjectId("5d0294e2a07ca5001753beaa"),91,6,2019-06-13 18:24:34
ObjectId("5d0294e3a07ca5001753beab"),92,6,2019-06-13 18:24:35
ObjectId("5d0294e5a07ca5001753beac"),93,6,2019-06-13 18:24:37
ObjectId("5d0294e6a07ca5001753bead"),94,6,2019-06-13 18:24:38
ObjectId("5d0294e7a07ca5001753beae"),95,6,2019-06-13 18:24:39
ObjectId("5d0294e9a07ca5001753beaf"),96,6,2019-06-13 18:24:41
ObjectId("5d02987aa07ca5001753beb0"),97,1,2019-06-13 18:39:54
ObjectId("5d02987ca07ca5001753beb1"),98,2,2019-06-13 18:39:56
ObjectId("5d02987da07ca5001753beb2"),99,9,2019-06-13 18:39:57
ObjectId("5d029bcea07ca5001753beb3"),100,3,2019-06-13 18:54:06
ObjectId("5d029bd0a07ca5001753beb4"),101,9,2019-06-13 18:54:08
ObjectId("5d029bd2a07ca5001753beb5"),102,1,2019-06-13 18:54:10
ObjectId("5d02bad7c7c7480017fa1fec"),103,8,2019-06-13 21:06:31
ObjectId("5d02bad8c7c7480017fa1fed"),104,8,2019-06-13 21:06:32
ObjectId("5d02badac7c7480017fa1fee"),105,1,2019-06-13 21:06:34
ObjectId("5d02badbc7c7480017fa1fef"),106,6,2019-06-13 21:06:35
ObjectId("5d02badcc7c7480017fa1ff0"),107,6,2019-06-13 21:06:36
ObjectId("5d033dd114c04b00173d3344"),108,9,2019-06-14 06:25:21
ObjectId("5d033dd614c04b00173d3345"),109,3,2019-06-14 06:25:26
ObjectId("5d033dd814c04b00173d3346"),110,3,2019-06-14 06:25:28
ObjectId("5d033dda14c04b00173d3347"),111,3,2019-06-14 06:25:30
ObjectId("5d033ddc14c04b00173d3348"),112,3,2019-06-14 06:25:32
ObjectId("5d033dde14c04b00173d3349"),113,3,2019-06-14 06:25:34
ObjectId("5d033de014c04b00173d334a"),114,3,2019-06-14 06:25:36
ObjectId("5d033de114c04b00173d334b"),115,3,2019-06-14 06:25:37
ObjectId("5d037f92f69e5e0017f59285"),116,1,2019-06-14 11:05:54
ObjectId("5d037f93f69e5e0017f59286"),117,1,2019-06-14 11:05:55
ObjectId("5d037fbaf69e5e0017f59287"),118,8,2019-06-14 11:06:34
ObjectId("5d037fbbf69e5e0017f59288"),119,9,2019-06-14 11:06:35
ObjectId("5d037fbdf69e5e0017f59289"),120,4,2019-06-14 11:06:37
ObjectId("5d037fbff69e5e0017f5928a"),121,6,2019-06-14 11:06:39
ObjectId("5d037fc0f69e5e0017f5928b"),122,6,2019-06-14 11:06:40
ObjectId("5d037fc0f69e5e0017f5928c"),123,6,2019-06-14 11:06:40
ObjectId("5d037fc1f69e5e0017f5928d"),124,6,2019-06-14 11:06:41
ObjectId("5d037fc1f69e5e0017f5928e"),125,6,2019-06-14 11:06:41
ObjectId("5d037fc1f69e5e0017f5928f"),126,6,2019-06-14 11:06:41
ObjectId("5d037fc3f69e5e0017f59290"),127,6,2019-06-14 11:06:43
ObjectId("5d037fc4f69e5e0017f59291"),128,6,2019-06-14 11:06:44
ObjectId("5d037fc5f69e5e0017f59292"),129,6,2019-06-14 11:06:45
ObjectId("5d037fc7f69e5e0017f59293"),130,6,2019-06-14 11:06:47
ObjectId("5d037fcff69e5e0017f59294"),131,2,2019-06-14 11:06:55
ObjectId("5d037fd0f69e5e0017f59295"),132,2,2019-06-14 11:06:56
ObjectId("5d037fd2f69e5e0017f59296"),133,2,2019-06-14 11:06:58
ObjectId("5d037fd3f69e5e0017f59297"),134,2,2019-06-14 11:06:59
ObjectId("5d037fd3f69e5e0017f59298"),135,2,2019-06-14 11:06:59
ObjectId("5d038600f69e5e0017f59299"),136,5,2019-06-14 11:33:20
ObjectId("5d03864ef69e5e0017f5929a"),137,2,2019-06-14 11:34:38
ObjectId("5d03864ff69e5e0017f5929b"),138,4,2019-06-14 11:34:39
ObjectId("5d038650f69e5e0017f5929c"),139,4,2019-06-14 11:34:40
ObjectId("5d038651f69e5e0017f5929d"),140,4,2019-06-14 11:34:41
ObjectId("5d038653f69e5e0017f5929e"),141,4,2019-06-14 11:34:43
ObjectId("5d038654f69e5e0017f5929f"),142,4,2019-06-14 11:34:44
ObjectId("5d038655f69e5e0017f592a0"),143,4,2019-06-14 11:34:45
ObjectId("5d038656f69e5e0017f592a1"),144,4,2019-06-14 11:34:46
ObjectId("5d038658f69e5e0017f592a2"),145,4,2019-06-14 11:34:48
ObjectId("5d038659f69e5e0017f592a3"),146,4,2019-06-14 11:34:49
ObjectId("5d03865bf69e5e0017f592a4"),147,1,2019-06-14 11:34:51
ObjectId("5d03865cf69e5e0017f592a5"),148,1,2019-06-14 11:34:52
ObjectId("5d03865df69e5e0017f592a6"),149,1,2019-06-14 11:34:53
ObjectId("5d038664f69e5e0017f592a7"),150,4,2019-06-14 11:35:00
ObjectId("5d038665f69e5e0017f592a8"),151,4,2019-06-14 11:35:01
ObjectId("5d038668f69e5e0017f592a9"),152,4,2019-06-14 11:35:04
ObjectId("5d038669f69e5e0017f592aa"),153,4,2019-06-14 11:35:05
ObjectId("5d03866af69e5e0017f592ab"),154,4,2019-06-14 11:35:06
ObjectId("5d03866bf69e5e0017f592ac"),155,4,2019-06-14 11:35:07
ObjectId("5d038771f69e5e0017f592ad"),156,1,2019-06-14 11:39:29
ObjectId("5d038773f69e5e0017f592ae"),157,1,2019-06-14 11:39:31
ObjectId("5d03d0a5fe414006a4c48070"),158,1,2019-06-14 18:51:49
ObjectId("5d03d0eb2f488706bf282fd1"),159,1,2019-06-14 18:52:59
ObjectId("5d03d0ef2f488706bf282fd2"),160,1,2019-06-14 18:53:03
ObjectId("5d03d0f02f488706bf282fd3"),161,1,2019-06-14 18:53:04
ObjectId("5d03d1002f488706bf282fd4"),162,1,2019-06-14 18:53:20
ObjectId("5d03d1012f488706bf282fd5"),163,1,2019-06-14 18:53:21
ObjectId("5d03d10c14729706c8ced702"),164,1,2019-06-14 18:53:32
ObjectId("5d03d1356a190206d1cbfeaf"),165,1,2019-06-14 18:54:13
ObjectId("5d03d1366a190206d1cbfeb0"),166,1,2019-06-14 18:54:14
ObjectId("5d03d1376a190206d1cbfeb1"),167,1,2019-06-14 18:54:15
ObjectId("5d03d1386a190206d1cbfeb2"),168,1,2019-06-14 18:54:16
ObjectId("5d03d1396a190206d1cbfeb3"),169,1,2019-06-14 18:54:17
ObjectId("5d03d1f96a190206d1cbfeb4"),170,1,2019-06-14 18:57:29
ObjectId("5d03d1fb6a190206d1cbfeb5"),171,1,2019-06-14 18:57:31
ObjectId("5d03d1fc6a190206d1cbfeb6"),172,1,2019-06-14 18:57:32
ObjectId("5d03d1fc6a190206d1cbfeb7"),173,1,2019-06-14 18:57:32
ObjectId("5d03d1fc6a190206d1cbfeb8"),174,1,2019-06-14 18:57:32
ObjectId("5d03d1fc6a190206d1cbfeb9"),175,1,2019-06-14 18:57:32
ObjectId("5d03d2086a190206d1cbfeba"),176,1,2019-06-14 18:57:44
ObjectId("5d03d20a6a190206d1cbfebb"),177,1,2019-06-14 18:57:46
ObjectId("5d03d20b6a190206d1cbfebc"),178,1,2019-06-14 18:57:47
ObjectId("5d03d20d6a190206d1cbfebd"),179,3,2019-06-14 18:57:49
ObjectId("5d03d20e6a190206d1cbfebe"),180,3,2019-06-14 18:57:50
ObjectId("5d03d2106a190206d1cbfebf"),181,4,2019-06-14 18:57:52
ObjectId("5d03d2126a190206d1cbfec0"),182,5,2019-06-14 18:57:54
ObjectId("5d03d2126a190206d1cbfec1"),183,6,2019-06-14 18:57:54
ObjectId("5d03d2146a190206d1cbfec2"),184,6,2019-06-14 18:57:56
ObjectId("5d03d2156a190206d1cbfec3"),185,6,2019-06-14 18:57:57
ObjectId("5d03d2156a190206d1cbfec4"),186,6,2019-06-14 18:57:57
ObjectId("5d03d2196a190206d1cbfec5"),187,9,2019-06-14 18:58:01
ObjectId("5d03d21b6a190206d1cbfec6"),188,9,2019-06-14 18:58:03
ObjectId("5d03d21c6a190206d1cbfec7"),189,9,2019-06-14 18:58:04
ObjectId("5d03d21d6a190206d1cbfec8"),190,9,2019-06-14 18:58:05
ObjectId("5d03d21f6a190206d1cbfec9"),191,9,2019-06-14 18:58:07
ObjectId("5d03d2206a190206d1cbfeca"),192,9,2019-06-14 18:58:08
ObjectId("5d03d2216a190206d1cbfecb"),193,9,2019-06-14 18:58:09
ObjectId("5d03d23e6a190206d1cbfecc"),194,1,2019-06-14 18:58:38
ObjectId("5d03d2406a190206d1cbfecd"),195,1,2019-06-14 18:58:40
ObjectId("5d03d2426a190206d1cbfece"),196,9,2019-06-14 18:58:42
ObjectId("5d03d2446a190206d1cbfecf"),197,3,2019-06-14 18:58:44
ObjectId("5d03d2456a190206d1cbfed0"),198,5,2019-06-14 18:58:45
ObjectId("5d03d2476a190206d1cbfed1"),199,6,2019-06-14 18:58:47
ObjectId("5d03d2496a190206d1cbfed2"),200,3,2019-06-14 18:58:49
ObjectId("5d03d24b6a190206d1cbfed3"),201,2,2019-06-14 18:58:51
ObjectId("5d03d75781edf8072e3da2ed"),202,1,2019-06-14 19:20:23
ObjectId("5d03d75881edf8072e3da2ee"),203,1,2019-06-14 19:20:24
ObjectId("5d03d75981edf8072e3da2ef"),204,1,2019-06-14 19:20:25
ObjectId("5d03d75b81edf8072e3da2f0"),205,1,2019-06-14 19:20:27
ObjectId("5d03d7fd81edf8072e3da2f1"),206,4,2019-06-14 19:23:09
ObjectId("5d03d7fe81edf8072e3da2f2"),207,4,2019-06-14 19:23:10
ObjectId("5d03df81a3c21a001738f9d6"),208,9,2019-06-14 17:55:13
ObjectId("5d03df82a3c21a001738f9d7"),209,9,2019-06-14 17:55:14
ObjectId("5d03df83a3c21a001738f9d8"),210,9,2019-06-14 17:55:15
ObjectId("5d03df84a3c21a001738f9d9"),211,9,2019-06-14 17:55:16
ObjectId("5d03df86a3c21a001738f9da"),212,9,2019-06-14 17:55:18
ObjectId("5d03df87a3c21a001738f9db"),213,9,2019-06-14 17:55:19
ObjectId("5d03df88a3c21a001738f9dc"),214,9,2019-06-14 17:55:20
ObjectId("5d03df89a3c21a001738f9dd"),215,9,2019-06-14 17:55:21
ObjectId("5d03df8ba3c21a001738f9de"),216,4,2019-06-14 17:55:23
ObjectId("5d03df8ca3c21a001738f9df"),217,1,2019-06-14 17:55:24
ObjectId("5d03df8ea3c21a001738f9e0"),218,1,2019-06-14 17:55:26
ObjectId("5d03e1bba3c21a001738f9e1"),219,1,2019-06-14 18:04:43
ObjectId("5d03e1bca3c21a001738f9e2"),220,1,2019-06-14 18:04:44
ObjectId("5d03e1bea3c21a001738f9e3"),221,1,2019-06-14 18:04:46
ObjectId("5d03e1bfa3c21a001738f9e4"),222,1,2019-06-14 18:04:47
ObjectId("5d03e1c2a3c21a001738f9e5"),223,1,2019-06-14 18:04:50
ObjectId("5d03e24aa3c21a001738f9e6"),224,9,2019-06-14 18:07:06
ObjectId("5d03e24ca3c21a001738f9e7"),225,9,2019-06-14 18:07:08
ObjectId("5d03e24ea3c21a001738f9e8"),226,9,2019-06-14 18:07:10
ObjectId("5d03e24fa3c21a001738f9e9"),227,9,2019-06-14 18:07:11
ObjectId("5d03e250a3c21a001738f9ea"),228,9,2019-06-14 18:07:12
ObjectId("5d03e251a3c21a001738f9eb"),229,9,2019-06-14 18:07:13
